{
  "feature_order": [
    "log_text_length",
    "log_text_density",
    "log_descendant_count",
    "link_density",
    "non_link_text_ratio",
    "class_weight",
    "tag_weight",
    "depth",
    "position_centrality",
    "sibling_log_text_density",
    "same_tag_sibling_ratio",
    "same_class_sibling_ratio",
    "sentence_score",
    "comma_density",
    "has_block_children",
    "paragraph_score_density",
    "anchor_count_ratio",
    "interactive_ratio",
    "heading_ratio",
    "paragraph_ratio",
    "list_item_ratio",
    "repeated_child_tag_ratio",
    "repeated_child_signature_ratio",
    "positive_class",
    "negative_class",
    "ancestor_positive_bias",
    "ancestor_negative_bias",
    "is_article_like",
    "is_paragraph_like",
    "is_list_like",
    "is_boilerplate_tag",
    "is_form_tag",
    "under_content_landmark",
    "under_boilerplate_landmark",
    "has_repeated_children"
  ],
  "means": [
    3.7973870620517562,
    2.9794572793495457,
    1.1002734059598775,
    0.1321914657770671,
    0.8678085342229329,
    -0.08243727598566308,
    0.22293906810035843,
    0.5397849462365591,
    0.416593773243462,
    2.6724088994895454,
    0.311166805903648,
    0.06698526483472719,
    0.11170848267622462,
    0.004012604143311208,
    0.34050179211469533,
    0.038934606371661906,
    0.239405126069966,
    0.03027099884541271,
    0.036028007866166646,
    0.05405378969895099,
    0.058268175367322275,
    0.5618620925072538,
    0.5395801331285203,
    0.06093189964157706,
    0.14336917562724014,
    0.4731182795698925,
    0.14695340501792115,
    0.08960573476702509,
    0.4050179211469534,
    0.07885304659498207,
    0.12544802867383512,
    0.014336917562724014,
    0.7311827956989247,
    0.2831541218637993,
    0.5806451612903226
  ],
  "scales": [
    1.9116335993288018,
    1.436591469912314,
    1.1346617144620061,
    0.24708268891125745,
    0.24708268891125743,
    0.42798160385016176,
    0.643281211226794,
    0.2870464294789434,
    0.2976744013757551,
    1.7353651664811163,
    0.398042467108438,
    0.22197892955281578,
    0.21716079176961658,
    0.01076916429596585,
    0.4738779607466211,
    0.14379345262510962,
    0.3483131059137061,
    0.14782108908490801,
    0.12116709157965068,
    0.16997942381475162,
    0.1585594296807237,
    0.45478750367812576,
    0.4490995759623968,
    0.23920535789911948,
    0.35044893366538543,
    0.4992768501610279,
    0.3540594607852754,
    0.2856160833424593,
    0.4908955130134657,
    0.26950926447465895,
    0.3312262380544207,
    0.11887544051453046,
    0.44334469092663015,
    0.4505306483862557,
    0.4934535013154308
  ],
  "weights": [
    -0.16283443662417824,
    0.012018666292721004,
    0.002069991419907661,
    0.07239033882739541,
    -0.07239033882739535,
    0.33844505986751566,
    -0.11173683617213767,
    0.6540902083119727,
    0.8401660859775661,
    0.12470427416532529,
    0.07009651393194556,
    0.3948953469964396,
    0.43846034428493,
    -0.23950068099611857,
    -0.3918289237021768,
    0.33365463307333304,
    -0.06232432257941342,
    -0.2614695524790669,
    0.12678798286580625,
    0.2434549041194444,
    -0.07311231012788393,
    -0.06622993383639328,
    -0.06436288288423243,
    -0.08151358055016837,
    -0.4689606072630428,
    0.33331564972923294,
    -0.33284763211604734,
    0.5373835942474097,
    0.9015631483838933,
    0.25038460474402907,
    -0.624699161689188,
    -0.31240702871661846,
    0.1473892056327738,
    -1.903747547836356,
    -0.2214446216849064
  ],
  "bias": -0.48609049477480637
}